Method,Hit@5,Hit@10,Recall@5,Recall@10,Precision@5,Precision@10,MRR
BM25,0.996,1.0,0.996,1.0,0.19920000000000004,0.10000000000000002,0.9511678571428572
Embedding(FAISS),0.4815,0.5575,0.4815,0.5575,0.0963,0.05575,0.3722188492063492
Hybrid,0.9945,1.0,0.9945,1.0,0.19890000000000002,0.10000000000000002,0.9431440476190476
